两个表查询主要内容：
笛卡尔积join
等价join
between join
in 
exists     //8.0.16之前exists,in执行计划不一样,17版本后，执行计划一样
not exists


笛卡尔积join ,就是表成笛卡尔积，然后按着连接条件进行过滤，即A(rows)与B(rows)行数的的乘积
```
root@192.168.0.254 3308 [employees]>select * from t4;
+------+------+------+
| yyyy | mm   | dd   |
+------+------+------+
| 2017 | 02   | 28   |
| 2017 | 03   | 01   |
| 2017 | 03   | 29   |
+------+------+------+
3 rows in set (0.00 sec)

root@192.168.0.254 3308 [employees]>select * from t4 as t1,t4 as t2;
+------+------+------+------+------+------+
| yyyy | mm   | dd   | yyyy | mm   | dd   |
+------+------+------+------+------+------+
| 2017 | 03   | 29   | 2017 | 02   | 28   |
| 2017 | 03   | 01   | 2017 | 02   | 28   |
| 2017 | 02   | 28   | 2017 | 02   | 28   |
| 2017 | 03   | 29   | 2017 | 03   | 01   |
| 2017 | 03   | 01   | 2017 | 03   | 01   |
| 2017 | 02   | 28   | 2017 | 03   | 01   |
| 2017 | 03   | 29   | 2017 | 03   | 29   |
| 2017 | 03   | 01   | 2017 | 03   | 29   |
| 2017 | 02   | 28   | 2017 | 03   | 29   |
+------+------+------+------+------+------+
9 rows in set (0.00 sec)
```
笛卡尔集优化 主要看执行计划 extra  using join buffer(block netstea loop) 行数特别大的计划，一定要注意加接条件，必须有索引,两个表连接条件必须有=号
在8.0版本中，使用 format = tree查看
```
root@192.168.0.254 3308 [employees]>desc format = tree  select * from  dept_emp d join employees on 1=1;
+----------------------------------------------------------------------------------------------------------------------------------------------------------------------------------------+
| EXPLAIN                                                                                                                                                                                |
+----------------------------------------------------------------------------------------------------------------------------------------------------------------------------------------+
| -> Inner hash join  (cost=9913778047.45 rows=99137260197)
    -> Table scan on d  (cost=0.18 rows=331143)
    -> Hash
        -> Table scan on employees  (cost=30170.15 rows=299379)
 |
+----------------------------------------------------------------------------------------------------------------------------------------------------------------------------------------+
1 row in set (0.10 sec)

```
等价join ，即扩充了结果集的字段
```
root@192.168.0.254 3308 [employees]>desc departments;
+-----------+-------------+------+-----+---------+-------+
| Field     | Type        | Null | Key | Default | Extra |
+-----------+-------------+------+-----+---------+-------+
| dept_no   | char(4)     | NO   | PRI | NULL    |       |
| dept_name | varchar(40) | NO   | UNI | NULL    |       |
+-----------+-------------+------+-----+---------+-------+
2 rows in set (0.00 sec)

root@192.168.0.254 3308 [employees]>desc dept_emp;
+-----------+---------+------+-----+---------+-------+
| Field     | Type    | Null | Key | Default | Extra |
+-----------+---------+------+-----+---------+-------+
| emp_no    | int     | NO   | PRI | NULL    |       |
| dept_no   | char(4) | NO   | PRI | NULL    |       |
| from_date | date    | NO   |     | NULL    |       |
| to_date   | date    | NO   | MUL | NULL    |       |
+-----------+---------+------+-----+---------+-------+
4 rows in set (0.02 sec)

root@192.168.0.254 3308 [employees]>select * from dept_emp e join departments d where e.dept_no=d.dept_no limit 5;
+--------+---------+------------+------------+---------+------------------+
| emp_no | dept_no | from_date  | to_date    | dept_no | dept_name        |
+--------+---------+------------+------------+---------+------------------+
|  10011 | d009    | 1990-01-22 | 1996-11-09 | d009    | Customer Service |
|  10038 | d009    | 1989-09-20 | 9999-01-01 | d009    | Customer Service |
|  10049 | d009    | 1992-05-04 | 9999-01-01 | d009    | Customer Service |
|  10060 | d009    | 1992-11-11 | 9999-01-01 | d009    | Customer Service |
|  10088 | d009    | 1992-03-21 | 9999-01-01 | d009    | Customer Service |
+--------+---------+------------+------------+---------+------------------+
```
betweenn join一般情况不会使用，特殊情况下会使用，类似下面SQL,主要用于数据分析
```
root@192.168.0.254 3308 [employees]>select g.* ,t.* from t_group g,t_time t  where g.dept_no='d008'  and  t.yymmdd >= g.from_date  and  t.yymmdd <= g.from_date order by g.emp_no,t.yymmdd limit 10;
+--------+---------+------------+------------+-----+------------+
| emp_no | dept_no | from_date  | to_date    | id  | yymmdd     |
+--------+---------+------------+------------+-----+------------+
|  46554 | d008    | 1986-12-01 | 1992-05-27 | 699 | 1986-12-01 |
|  48317 | d008    | 1986-12-01 | 1989-01-11 | 699 | 1986-12-01 |
+--------+---------+------------+------------+-----+------------+
2 rows in set (0.04 sec)

root@192.168.0.254 3308 [employees]>select g.emp_no ,count(1) 
    -> from t_group g,t_time t 
    -> where g.dept_no='d008' 
    -> and  t.yymmdd >= g.from_date 
    -> and  t.yymmdd <= g.from_date
    -> group by g.emp_no
    -> order by g.emp_no;
+--------+----------+
| emp_no | count(1) |
+--------+----------+
|  46554 |        1 |
|  48317 |        1 |
+--------+----------+
2 rows in set (0.03 sec)

```
in 半连接,下面的示例中只能显示t表中的数据，不能显示e表中的数据
```
root@192.168.0.254 3308 [employees]>select * from t_group t where t.emp_no in (select e.emp_no from employees e);
+--------+---------+------------+------------+
| emp_no | dept_no | from_date  | to_date    |
+--------+---------+------------+------------+
|  22744 | d006    | 1986-12-01 | 9999-01-01 |
|  24007 | d005    | 1986-12-01 | 9999-01-01 |
|  30970 | d005    | 1986-12-01 | 2017-03-29 |
|  31112 | d002    | 1986-12-01 | 1993-12-10 |
|  40983 | d005    | 1986-12-01 | 9999-01-01 |
|  46554 | d008    | 1986-12-01 | 1992-05-27 |
|  48317 | d008    | 1986-12-01 | 1989-01-11 |
|  49667 | d007    | 1986-12-01 | 9999-01-01 |
|  50449 | d005    | 1986-12-01 | 9999-01-01 |
|  10004 | d004    | 1986-12-01 | 9999-01-01 |
+--------+---------+------------+------------+
```
exists 也是半连接，结果跟in一样,但执行计划不一样，8.0.13之前，只能是DEPENDENT SUBQUERY，8.0最新版执行计划一样
```
root@192.168.0.254 3308 [employees]> select * from t_group t where  exists (select e.emp_no from employees e where e.emp_no=t.emp_no);
+--------+---------+------------+------------+
| emp_no | dept_no | from_date  | to_date    |
+--------+---------+------------+------------+
|  22744 | d006    | 1986-12-01 | 9999-01-01 |
|  24007 | d005    | 1986-12-01 | 9999-01-01 |
|  30970 | d005    | 1986-12-01 | 2017-03-29 |
|  31112 | d002    | 1986-12-01 | 1993-12-10 |
|  40983 | d005    | 1986-12-01 | 9999-01-01 |
|  46554 | d008    | 1986-12-01 | 1992-05-27 |
|  48317 | d008    | 1986-12-01 | 1989-01-11 |
|  49667 | d007    | 1986-12-01 | 9999-01-01 |
|  50449 | d005    | 1986-12-01 | 9999-01-01 |
|  10004 | d004    | 1986-12-01 | 9999-01-01 |
+--------+---------+------------+------------+
10 rows in set (0.00 sec)

```
not exists 与exists相反,not in 里面的值不能有空，一量有空整个结果集为空，not exists有空值也能显示结果集
```
root@192.168.0.254 3308 [employees]> select * from t_group t where not  exists (select e.emp_no from employees e where e.emp_no=t.emp_no);
Empty set (0.00 sec)

root@192.168.0.254 3308 [employees]>select * from t_group;
+--------+---------+------------+------------+
| emp_no | dept_no | from_date  | to_date    |
+--------+---------+------------+------------+
|  22744 | d006    | 1986-12-01 | 9999-01-01 |
|  24007 | d005    | 1986-12-01 | 9999-01-01 |
|  30970 | d005    | 1986-12-01 | 2017-03-29 |
|  31112 | d002    | 1986-12-01 | 1993-12-10 |
|  40983 | d005    | 1986-12-01 | 9999-01-01 |
|  46554 | d008    | 1986-12-01 | 1992-05-27 |
|  48317 | d008    | 1986-12-01 | 1989-01-11 |
|  49667 | d007    | 1986-12-01 | 9999-01-01 |
|  50449 | d005    | 1986-12-01 | 9999-01-01 |
|  10004 | d004    | 1986-12-01 | 9999-01-01 |
+--------+---------+------------+------------+
10 rows in set (0.00 sec)

root@192.168.0.254 3308 [employees]>select * from t_order;
+--------+---------+------------+------------+
| emp_no | dept_no | from_date  | to_date    |
+--------+---------+------------+------------+
|  22744 | d006    | 1986-12-01 | 9999-01-01 |
|  24007 | d005    | 1986-12-01 | 9999-01-01 |
|  30970 | d005    | 1986-12-01 | 2017-03-29 |
|  31112 | d002    | 1986-12-01 | 1993-12-10 |
|  40983 | d005    | 1986-12-01 | 9999-01-01 |
|   NULL | d008    | 1986-12-01 | 1992-05-27 |
|  48317 | d008    | 1986-12-01 | 1989-01-11 |
|  49667 | d007    | 1986-12-01 | 9999-01-01 |
|  50449 | d005    | 1986-12-01 | 9999-01-01 |
|  10004 | d004    | 1986-12-01 | 9999-01-01 |
+--------+---------+------------+------------+
10 rows in set (0.02 sec)

root@192.168.0.254 3308 [employees]>select * from t_group d where  emp_no not in (select t.emp_no from t_order t );   //not in结果为空
Empty set (0.00 sec)

root@192.168.0.254 3308 [employees]>select * from t_group d where not exists (select 1 from t_order t where t.emp_no=d.emp_no);  //有一行数据 ，如果外层表(d)数据最,t表大时，这个效果好，针对5.7
+--------+---------+------------+------------+
| emp_no | dept_no | from_date  | to_date    |
+--------+---------+------------+------------+
|  46554 | d008    | 1986-12-01 | 1992-05-27 |
+--------+---------+------------+------------+
1 row in set (0.01 sec)

root@192.168.0.254 3308 [employees]>select * from t_group d where  emp_no not in (select t.emp_no from t_order t where t.emp_no is not null);
+--------+---------+------------+------------+
| emp_no | dept_no | from_date  | to_date    |
+--------+---------+------------+------------+
|  46554 | d008    | 1986-12-01 | 1992-05-27 |
+--------+---------+------------+------------+

root@192.168.0.254 3308 [employees]>select distinct d.* from t_group d left join  t_order t on d.emp_no=t.emp_no where t.emp_no is null;  //在两个表都很大时，只有这个运行速度最快
+--------+---------+------------+------------+
| emp_no | dept_no | from_date  | to_date    |
+--------+---------+------------+------------+
|  46554 | d008    | 1986-12-01 | 1992-05-27 |
+--------+---------+------------+------------+
1 row in set (0.00 sec)
上面本个SQL是等价的
两个表相join的数据
root@192.168.0.254 3308 [employees]>select * from t_group d left join  t_order t on d.emp_no=t.emp_no ;
+--------+---------+------------+------------+--------+---------+------------+------------+
| emp_no | dept_no | from_date  | to_date    | emp_no | dept_no | from_date  | to_date    |
+--------+---------+------------+------------+--------+---------+------------+------------+
|  22744 | d006    | 1986-12-01 | 9999-01-01 |  22744 | d006    | 1986-12-01 | 9999-01-01 |
|  24007 | d005    | 1986-12-01 | 9999-01-01 |  24007 | d005    | 1986-12-01 | 9999-01-01 |
|  30970 | d005    | 1986-12-01 | 2017-03-29 |  30970 | d005    | 1986-12-01 | 2017-03-29 |
|  31112 | d002    | 1986-12-01 | 1993-12-10 |  31112 | d002    | 1986-12-01 | 1993-12-10 |
|  40983 | d005    | 1986-12-01 | 9999-01-01 |  40983 | d005    | 1986-12-01 | 9999-01-01 |
|  46554 | d008    | 1986-12-01 | 1992-05-27 |   NULL | NULL    | NULL       | NULL       |
|  48317 | d008    | 1986-12-01 | 1989-01-11 |  48317 | d008    | 1986-12-01 | 1989-01-11 |
|  49667 | d007    | 1986-12-01 | 9999-01-01 |  49667 | d007    | 1986-12-01 | 9999-01-01 |
|  50449 | d005    | 1986-12-01 | 9999-01-01 |  50449 | d005    | 1986-12-01 | 9999-01-01 |
|  10004 | d004    | 1986-12-01 | 9999-01-01 |  10004 | d004    | 1986-12-01 | 9999-01-01 |
+--------+---------+------------+------------+--------+---------+------------+------------+

```
join  表需要有别名，
join一般是 N:1或者是1:1,1:n 很少就n:n的join,   1:1表示两个表没有重复值
```
1:1示例
root@192.168.0.254 3308 [employees]>select a.*,b.* from 
    -> (
    -> select 1 x ,'a' a from dual union all
    -> select 2 ,'a' from dual union all
    -> select 3 ,'b' from dual 
    -> ) a
    -> join
    -> (
    -> select 1 b from dual union all
    -> select 2  from dual
    -> ) b
    -> on a.x = b.b
    -> ;
+---+---+---+
| x | a | b |
+---+---+---+
| 1 | a | 1 |
| 2 | a | 2 |
+---+---+---+
2 rows in set (0.00 sec)

1:N示例
root@192.168.0.254 3308 [employees]>select a.*,b.* from 
    -> (
    -> select 1 x ,'a' a from dual union all
    -> select 2 ,'a' from dual union all
    -> select 3 ,'b' from dual 
    -> ) a
    -> join
    -> (
    -> select 1 b from dual union all
    -> select 1 b from dual union all
    -> select 2  from dual union all 
    -> select 2  from dual
    -> ) b
    -> on a.x = b.b;
+---+---+---+
| x | a | b |
+---+---+---+
| 1 | a | 1 |
| 1 | a | 1 |
| 2 | a | 2 |
| 2 | a | 2 |
+---+---+---+
4 rows in set (0.02 sec)

N:1示例
root@192.168.0.254 3308 [employees]>select a.*,b.* from 
    -> (
    -> select 1 x ,'a' a from dual union all
    -> select 1 ,'a'  from dual union all
    -> select 2 ,'a' from dual union all
    -> select 2 ,'a' from dual union all
    -> select 3 ,'b' from dual 
    -> ) a
    -> join
    -> (
    -> select 1 b from dual union all
    -> select 2  from dual
    -> ) b
    -> on a.x = b.b;
+---+---+---+
| x | a | b |
+---+---+---+
| 1 | a | 1 |
| 1 | a | 1 |
| 2 | a | 2 |
| 2 | a | 2 |
+---+---+---+
4 rows in set (0.01 sec)


N:N 示例
root@192.168.0.254 3308 [employees]>select * from t_group;
+--------+---------+------------+------------+
| emp_no | dept_no | from_date  | to_date    |
+--------+---------+------------+------------+
|  22744 | d006    | 1986-12-01 | 9999-01-01 |
|  24007 | d005    | 1986-12-01 | 9999-01-01 |
|  30970 | d005    | 1986-12-01 | 2017-03-29 |
|  31112 | d002    | 1986-12-01 | 1993-12-10 |
|  40983 | d005    | 1986-12-01 | 9999-01-01 |
|  46554 | d008    | 1986-12-01 | 1992-05-27 |
|  48317 | d008    | 1986-12-01 | 1989-01-11 |
|  49667 | d007    | 1986-12-01 | 9999-01-01 |
|  50449 | d005    | 1986-12-01 | 9999-01-01 |
|  10004 | d004    | 1986-12-01 | 9999-01-01 |
+--------+---------+------------+------------+
10 rows in set (0.00 sec)

root@192.168.0.254 3308 [employees]>select * from t_order;
+--------+---------+------------+------------+
| emp_no | dept_no | from_date  | to_date    |
+--------+---------+------------+------------+
|  22744 | d006    | 1986-12-01 | 9999-01-01 |
|  24007 | d005    | 1986-12-01 | 9999-01-01 |
|  30970 | d005    | 1986-12-01 | 2017-03-29 |
|  31112 | d002    | 1986-12-01 | 1993-12-10 |
|  40983 | d005    | 1986-12-01 | 9999-01-01 |
|   NULL | d008    | 1986-12-01 | 1992-05-27 |
|  48317 | d008    | 1986-12-01 | 1989-01-11 |
|  49667 | d007    | 1986-12-01 | 9999-01-01 |
|  50449 | d005    | 1986-12-01 | 9999-01-01 |
|  10004 | d004    | 1986-12-01 | 9999-01-01 |
+--------+---------+------------+------------+
10 rows in set (0.00 sec)

root@192.168.0.254 3308 [employees]>select t.* from t_group t join t_order o on t.dept_no=o.dept_no order by 1;    //两个表join多了很多重复的行
+--------+---------+------------+------------+
| emp_no | dept_no | from_date  | to_date    |
+--------+---------+------------+------------+
|  10004 | d004    | 1986-12-01 | 9999-01-01 |
|  22744 | d006    | 1986-12-01 | 9999-01-01 |
|  24007 | d005    | 1986-12-01 | 9999-01-01 |
|  24007 | d005    | 1986-12-01 | 9999-01-01 |
|  24007 | d005    | 1986-12-01 | 9999-01-01 |
|  24007 | d005    | 1986-12-01 | 9999-01-01 |
|  30970 | d005    | 1986-12-01 | 2017-03-29 |
|  30970 | d005    | 1986-12-01 | 2017-03-29 |
|  30970 | d005    | 1986-12-01 | 2017-03-29 |
|  30970 | d005    | 1986-12-01 | 2017-03-29 |
|  31112 | d002    | 1986-12-01 | 1993-12-10 |
|  40983 | d005    | 1986-12-01 | 9999-01-01 |
|  40983 | d005    | 1986-12-01 | 9999-01-01 |
|  40983 | d005    | 1986-12-01 | 9999-01-01 |
|  40983 | d005    | 1986-12-01 | 9999-01-01 |
|  46554 | d008    | 1986-12-01 | 1992-05-27 |
|  46554 | d008    | 1986-12-01 | 1992-05-27 |
|  48317 | d008    | 1986-12-01 | 1989-01-11 |
|  48317 | d008    | 1986-12-01 | 1989-01-11 |
|  49667 | d007    | 1986-12-01 | 9999-01-01 |
|  50449 | d005    | 1986-12-01 | 9999-01-01 |
|  50449 | d005    | 1986-12-01 | 9999-01-01 |
|  50449 | d005    | 1986-12-01 | 9999-01-01 |
|  50449 | d005    | 1986-12-01 | 9999-01-01 |
+--------+---------+------------+------------+
24 rows in set (0.00 sec)

root@192.168.0.254 3308 [employees]>select distinct t.* from t_group t join t_order o on t.dept_no=o.dept_no order by 1;    //此时很有可能在前面加上distinct
+--------+---------+------------+------------+
| emp_no | dept_no | from_date  | to_date    |
+--------+---------+------------+------------+
|  10004 | d004    | 1986-12-01 | 9999-01-01 |
|  22744 | d006    | 1986-12-01 | 9999-01-01 |
|  24007 | d005    | 1986-12-01 | 9999-01-01 |
|  30970 | d005    | 1986-12-01 | 2017-03-29 |
|  31112 | d002    | 1986-12-01 | 1993-12-10 |
|  40983 | d005    | 1986-12-01 | 9999-01-01 |
|  46554 | d008    | 1986-12-01 | 1992-05-27 |
|  48317 | d008    | 1986-12-01 | 1989-01-11 |
|  49667 | d007    | 1986-12-01 | 9999-01-01 |
|  50449 | d005    | 1986-12-01 | 9999-01-01 |
+--------+---------+------------+------------+
10 rows in set (0.00 sec)

一旦是两个表是N:N的关系，估计是连接条件的问题，或者是业务逻辑，表结构设计相关

join当中distinct的位置比较，

root@192.168.0.254 3308 [employees]>select distinct a.*,b.* from      //在最后查询的结果集中执行distinct 效果差
    ->  (
    ->  select 1 x ,'a' a from dual union all
    ->  select 2 ,'a' from dual union all
    ->  select 3 ,'b' from dual 
    ->  ) a
    ->  join
    ->  (
    ->  select 1 b from dual union all
    ->  select 1 b from dual union all
    ->  select 2  from dual union all 
    ->  select 2  from dual
    ->  ) b
    ->  on a.x = b.b;
+---+---+---+
| x | a | b |
+---+---+---+
| 1 | a | 1 |
| 2 | a | 2 |
+---+---+---+
2 rows in set (0.00 sec)

root@192.168.0.254 3308 [employees]>select  a.*,b.* from       //在有重复记录的表中执行distinct ，效果比上面语句好，往往提交distinct,或group效果会好一些
    ->  (
    ->  select 1 x ,'a' a from dual union all
    ->  select 2 ,'a' from dual union all
    ->  select 3 ,'b' from dual 
    ->  ) a
    ->  join
    ->  ( select distinct b.b from 
    ->    (
    ->      select 1 b from dual union all
    ->      select 1 b from dual union all
    ->      select 2  from dual union all 
    ->      select 2  from dual
    ->     ) b
    ->  ) b
    ->  on a.x = b.b;
+---+---+---+
| x | a | b |
+---+---+---+
| 1 | a | 1 |
| 2 | a | 2 |
+---+---+---+
2 rows in set (0.01 sec)

```

在做ETL时，往往是选建表，再导入数据，最后再创建PK
```
在创建PK时，应检查主键是否有重复值
root@192.168.0.254 3308 [employees]>select t.emp_no,t.dept_no,count(1) from t_group t group by t.emp_no,t.dept_no having count(1) >1 ;
Empty set (0.02 sec)

root@192.168.0.254 3308 [employees]>alter table t_group add CONSTRAINT PRIMARY KEY (emp_no,dept_no);
Query OK, 0 rows affected (3.73 sec)
Records: 0  Duplicates: 0  Warnings: 0

root@192.168.0.254 3308 [employees]>show create table t_group\G
*************************** 1. row ***************************
       Table: t_group
Create Table: CREATE TABLE `t_group` (
  `emp_no` int NOT NULL,
  `dept_no` char(4) NOT NULL,
  `from_date` date NOT NULL,
  `to_date` date NOT NULL,
  PRIMARY KEY (`emp_no`,`dept_no`),
  KEY `idx_2` (`dept_no`,`emp_no` DESC)
) ENGINE=InnoDB DEFAULT CHARSET=utf8
1 row in set (0.00 sec)

```
