1、获取正在运行中的执行计划的方法
```
获取connect_id ,show processlist,information_schema.processlist;
explain FOR CONNECTION  connection_id;
例: MySQL8.0
root@192.168.0.254 3308 [employees]>set session autocommit=0;
Query OK, 0 rows affected (0.00 sec)

root@192.168.0.254 3308 [employees]>select * from emp1 ,v1;

root@192.168.0.254 3308 [employees]>show processlist;
+----+-----------------+---------------------+-----------+---------+---------+------------------------+------------------------+
| Id | User            | Host                | db        | Command | Time    | State                  | Info                   |
+----+-----------------+---------------------+-----------+---------+---------+------------------------+------------------------+
|  4 | event_scheduler | localhost           | NULL      | Daemon  | 1870522 | Waiting on empty queue | NULL                   |
| 40 | root            | 192.168.0.254:43688 | employees | Query   |       0 | starting               | show processlist       |
| 46 | root            | 192.168.0.254:43700 | employees | Query   |       3 | executing              | select * from emp1 ,v1 |
+----+-----------------+---------------------+-----------+---------+---------+------------------------+------------------------+
3 rows in set (0.01 sec)

root@192.168.0.254 3308 [employees]>explain FOR CONNECTION 46;
+----+-------------+------------+------------+-------+---------------+-------------+---------+--------------------+--------+----------+---------------------------------------+
| id | select_type | table      | partitions | type  | possible_keys | key         | key_len | ref                | rows   | filtered | Extra                                 |
+----+-------------+------------+------------+-------+---------------+-------------+---------+--------------------+--------+----------+---------------------------------------+
|  1 | PRIMARY     | d          | NULL       | ALL   | NULL          | NULL        | NULL    | NULL               |     10 |   100.00 | NULL                                  |
|  1 | PRIMARY     | <derived3> | NULL       | ref   | <auto_key0>   | <auto_key0> | 4       | employees.d.emp_no |   3310 |   100.00 | Using index                           |
|  1 | PRIMARY     | emp1       | NULL       | ALL   | NULL          | NULL        | NULL    | NULL               | 299246 |   100.00 | Using join buffer (Block Nested Loop) |
|  3 | DERIVED     | dept_emp2  | NULL       | index | ix_dept_emp   | ix_dept_emp | 16      | NULL               | 331008 |   100.00 | Using index; Using temporary          |
+----+-------------+------------+------------+-------+---------------+-------------+---------+--------------------+--------+----------+---------------------------------------+
```
2、show warnings
```
8.0.12 ddl也支持 show warnings;
```

执行计划解读1 
```
root@192.168.0.254 3308 [employees]>desc select t1.emp_no from t1 join (
    -> select distinct a.emp_no from (select e.emp_no from employees e where e.emp_no between 10001 and 11000 limit 1000) a
    -> ) e1 on t1.emp_no=e1.emp_no limit 5;
+----+-------------+------------+------------+-------+----------------+---------+---------+-----------+------+----------+--------------------------+
| id | select_type | table      | partitions | type  | possible_keys  | key     | key_len | ref       | rows | filtered | Extra                    |
+----+-------------+------------+------------+-------+----------------+---------+---------+-----------+------+----------+--------------------------+
|  1 | PRIMARY     | <derived2> | NULL       | ALL   | NULL           | NULL    | NULL    | NULL      | 1000 |   100.00 | NULL                     |
|  1 | PRIMARY     | t1         | NULL       | ref   | PRIMARY,emp_no | PRIMARY | 4       | e1.emp_no |    9 |   100.00 | Using index              |
|  2 | DERIVED     | <derived3> | NULL       | ALL   | NULL           | NULL    | NULL    | NULL      | 1000 |   100.00 | Using temporary          |
|  3 | DERIVED     | e          | NULL       | range | PRIMARY        | PRIMARY | 4       | NULL      | 1000 |   100.00 | Using where; Using index |
+----+-------------+------------+------------+-------+----------------+---------+---------+-----------+------+----------+--------------------------+
4 rows in set, 1 warning (0.00 sec)

首先第一行，table=<derived2>,说明在执行前先调用了id=2这个临时表，而ID=2这个临时表是由table=<derived3>生成的，说明先执行id=3的表(e,此时表e是驱动表)，
id=2,3不能合并的原因是，有limit 1000，id=2的表 extra为 using temporary原因是使用的distinct 
顺序,3->2->1
去除limit 1000后看执行计划
root@192.168.0.254 3308 [employees]>desc select t1.emp_no from t1 join ( select distinct a.emp_no from (select e.emp_no from employees e where e.emp_no between 10001 and 11000 ) a ) e1 on t1.emp_no=e1.emp_no limit 5;
+----+-------------+------------+------------+-------+----------------+---------+---------+-----------+------+----------+--------------------------+
| id | select_type | table      | partitions | type  | possible_keys  | key     | key_len | ref       | rows | filtered | Extra                    |
+----+-------------+------------+------------+-------+----------------+---------+---------+-----------+------+----------+--------------------------+
|  1 | PRIMARY     | <derived2> | NULL       | ALL   | NULL           | NULL    | NULL    | NULL      | 1000 |   100.00 | NULL                     |
|  1 | PRIMARY     | t1         | NULL       | ref   | PRIMARY,emp_no | PRIMARY | 4       | e1.emp_no |    9 |   100.00 | Using index              |
|  2 | DERIVED     | e          | NULL       | range | PRIMARY        | PRIMARY | 4       | NULL      | 1000 |   100.00 | Using where; Using index |
+----+-------------+------------+------------+-------+----------------+---------+---------+-----------+------+----------+--------------------------+
3 rows in set, 1 warning (0.02 sec)

```
视图合并
```
root@192.168.0.254 3308 [employees]>desc select * from (select * from employees ) s where emp_no=10001;  //视图合并
+----+-------------+-----------+------------+-------+---------------+---------+---------+-------+------+----------+-------+
| id | select_type | table     | partitions | type  | possible_keys | key     | key_len | ref   | rows | filtered | Extra |
+----+-------------+-----------+------------+-------+---------------+---------+---------+-------+------+----------+-------+
|  1 | SIMPLE      | employees | NULL       | const | PRIMARY       | PRIMARY | 4       | const |    1 |   100.00 | NULL  |
+----+-------------+-----------+------------+-------+---------------+---------+---------+-------+------+----------+-------+
1 row in set, 1 warning (0.33 sec)

root@192.168.0.254 3308 [employees]>desc select * from (select * from employees limit 1) s where emp_no=10001;     //加了limit 1后阻止视图合并
+----+-------------+------------+------------+--------+---------------+------+---------+------+--------+----------+-------+
| id | select_type | table      | partitions | type   | possible_keys | key  | key_len | ref  | rows   | filtered | Extra |
+----+-------------+------------+------------+--------+---------------+------+---------+------+--------+----------+-------+
|  1 | PRIMARY     | <derived2> | NULL       | system | NULL          | NULL | NULL    | NULL |      1 |   100.00 | NULL  |
|  2 | DERIVED     | employees  | NULL       | ALL    | NULL          | NULL | NULL    | NULL | 299379 |   100.00 | NULL  |
+----+-------------+------------+------------+--------+---------------+------+---------+------+--------+----------+-------+

```
注意,MySQL列超过767字节将无法生成autokey，如果超过了可以考虑使用convert来转换一种小字节的字符集，
驱动表大小示例
```
root@192.168.0.254 3308 [employees]>select count(*) from t_group;
+----------+
| count(*) |
+----------+
|       10 |
+----------+
1 row in set (0.07 sec)

root@192.168.0.254 3308 [employees]>select count(*) from employees;
+----------+
| count(*) |
+----------+
|   300024 |
+----------+
1 row in set (0.16 sec)

root@192.168.0.254 3308 [employees]>  select * from t_group t  straight_join employees e  ignore index (pri) on e.emp_no=t.emp_no;   //小表驱动大表
+--------+---------+------------+------------+--------+------------+------------+------------+--------+------------+
| emp_no | dept_no | from_date  | to_date    | emp_no | birth_date | first_name | last_name  | gender | hire_date  |
+--------+---------+------------+------------+--------+------------+------------+------------+--------+------------+
|  10004 | d004    | 1986-12-01 | 9999-01-01 |  10004 | 1954-05-01 | Chirstian  | Koblick    | M      | 1986-12-01 |
|  22744 | d006    | 1986-12-01 | 9999-01-01 |  22744 | 1954-01-15 | Berna      | Spelt      | F      | 1986-12-01 |
|  24007 | d005    | 1986-12-01 | 9999-01-01 |  24007 | 1961-05-11 | IEEE       | Rodier     | M      | 1986-12-01 |
|  30970 | d005    | 1986-12-01 | 2017-03-29 |  30970 | 1956-02-16 | Fumitake   | Schoegge   | F      | 1986-12-01 |
|  31112 | d002    | 1986-12-01 | 1993-12-10 |  31112 | 1961-02-20 | Mack       | Busillo    | M      | 1986-12-01 |
|  40983 | d005    | 1986-12-01 | 9999-01-01 |  40983 | 1965-01-17 | Marla      | Cherinka   | F      | 1986-12-01 |
|  46554 | d008    | 1986-12-01 | 1992-05-27 |  46554 | 1953-09-01 | Ramzi      | DuCasse    | M      | 1986-12-01 |
|  48317 | d008    | 1986-12-01 | 1989-01-11 |  48317 | 1962-12-11 | Fumiyo     | Mandelberg | F      | 1986-12-01 |
|  49667 | d007    | 1986-12-01 | 9999-01-01 |  49667 | 1954-06-12 | Sakthirel  | Pashtan    | F      | 1986-05-21 |
|  50449 | d005    | 1986-12-01 | 9999-01-01 |  50449 | 1952-06-30 | Jagoda     | Alvarado   | F      | 1986-12-01 |
+--------+---------+------------+------------+--------+------------+------------+------------+--------+------------+
10 rows in set (0.45 sec)

root@192.168.0.254 3308 [employees]> select * from employees e STRAIGHT_JOIN t_group t on e.emp_no+0=t.emp_no;    //大表驱动小表
+--------+------------+------------+------------+--------+------------+--------+---------+------------+------------+
| emp_no | birth_date | first_name | last_name  | gender | hire_date  | emp_no | dept_no | from_date  | to_date    |
+--------+------------+------------+------------+--------+------------+--------+---------+------------+------------+
|  10004 | 1954-05-01 | Chirstian  | Koblick    | M      | 1986-12-01 |  10004 | d004    | 1986-12-01 | 9999-01-01 |
|  49667 | 1954-06-12 | Sakthirel  | Pashtan    | F      | 1986-05-21 |  49667 | d007    | 1986-12-01 | 9999-01-01 |
|  40983 | 1965-01-17 | Marla      | Cherinka   | F      | 1986-12-01 |  40983 | d005    | 1986-12-01 | 9999-01-01 |
|  30970 | 1956-02-16 | Fumitake   | Schoegge   | F      | 1986-12-01 |  30970 | d005    | 1986-12-01 | 2017-03-29 |
|  24007 | 1961-05-11 | IEEE       | Rodier     | M      | 1986-12-01 |  24007 | d005    | 1986-12-01 | 9999-01-01 |
|  50449 | 1952-06-30 | Jagoda     | Alvarado   | F      | 1986-12-01 |  50449 | d005    | 1986-12-01 | 9999-01-01 |
|  22744 | 1954-01-15 | Berna      | Spelt      | F      | 1986-12-01 |  22744 | d006    | 1986-12-01 | 9999-01-01 |
|  31112 | 1961-02-20 | Mack       | Busillo    | M      | 1986-12-01 |  31112 | d002    | 1986-12-01 | 1993-12-10 |
|  48317 | 1962-12-11 | Fumiyo     | Mandelberg | F      | 1986-12-01 |  48317 | d008    | 1986-12-01 | 1989-01-11 |
|  46554 | 1953-09-01 | Ramzi      | DuCasse    | M      | 1986-12-01 |  46554 | d008    | 1986-12-01 | 1992-05-27 |
+--------+------------+------------+------------+--------+------------+--------+---------+------------+------------+
10 rows in set (1.13 sec)

```

